lahmanID,batAve2009Sorted,PA
matosos01,1.0,1.0
davidda01,1.0,1.0
corpoca01,1.0,1.0
chenbr01,1.0,2.0
baezda01,1.0,1.0
gonzaed01,1.0,2.0
hoovepa01,0.75,4.0
castiwi01,0.667,3.0
duranlu01,0.545,14.0
ohmanwi01,0.5,3.0
richake02,0.5,6.0
huberju01,0.5,2.0
wakefti01,0.5,2.0
woodti01,0.5,2.0
affelje01,0.5,2.0
cahiltr01,0.5,2.0
francju02,0.429,25.0
tracyan01,0.417,12.0
huch01,0.4,6.0
porceri01,0.4,5.0
barfijo02,0.4,20.0
moralfr01,0.4,5.0
silvawa01,0.375,8.0
mauerjo01,0.365,606.0
vanevjo01,0.364,13.0
batesaa01,0.364,12.0
ramirwi01,0.364,13.0
suzukic01,0.352,678.0
ramirha01,0.342,652.0
jeterde01,0.334,716.0
nievefe01,0.333,9.0
motagu01,0.333,4.0
priceda01,0.333,3.0
osullse01,0.333,3.0
fulchje01,0.333,3.0
riversa01,0.333,5.0
browndu01,0.333,4.0
ruschgl01,0.333,6.0
miranju01,0.333,9.0
mientdo01,0.333,20.0
hudsoti01,0.333,15.0
sandopa01,0.33,633.0
pujolal01,0.327,700.0
beltrca01,0.325,357.0
heltoto01,0.325,645.0
hamptmi01,0.324,41.0
cabremi01,0.324,685.0
freesda01,0.323,34.0
youngmi02,0.322,593.0
vottojo01,0.322,544.0
coghlch01,0.321,565.0
tholejo01,0.321,59.0
braunry02,0.32,708.0
bartlja01,0.32,567.0
canoro01,0.32,674.0
ramirar01,0.317,342.0
carpmi01,0.315,65.0
ruizra01,0.313,130.0
brantmi02,0.313,121.0
tejadmi01,0.313,673.0
hollima01,0.313,670.0
diazma02,0.313,425.0
aybarer01,0.312,556.0
borboju01,0.312,179.0
phillpa01,0.311,54.0
spande01,0.311,676.0
moraljo02,0.311,134.0
lopezfe01,0.31,680.0
ordonma01,0.31,518.0
jonesmi03,0.308,15.0
jonesbr02,0.308,17.0
cabreas01,0.308,581.0
pierrju01,0.308,425.0
morgany01,0.307,533.0
pradoma01,0.307,503.0
wrighda03,0.307,618.0
paganan01,0.306,376.0
leede02,0.306,615.0
moralke01,0.306,622.0
lindad01,0.305,654.0
rolensc01,0.305,535.0
davisra01,0.305,432.0
infanom01,0.305,229.0
youklke01,0.305,588.0
crawfca02,0.305,672.0
podsesc01,0.304,587.0
germaes01,0.304,50.0
escobal02,0.304,134.0
martivi01,0.303,672.0
schumsk01,0.303,586.0
salazos01,0.302,154.0
castilu01,0.302,580.0
mcgehca01,0.301,394.0
floreje02,0.301,106.0
butlebi03,0.301,672.0
ellsbja01,0.301,691.0
dillojo02,0.3,35.0
pierzaj01,0.3,535.0
choosh01,0.3,685.0
kubelja01,0.3,578.0
uptonju01,0.3,588.0
callaal01,0.3,634.0
izturma01,0.3,437.0
leeca01,0.3,662.0
fieldpr01,0.299,719.0
fuldsa01,0.299,115.0
hunteto01,0.299,506.0
escobyu01,0.299,604.0
figgich01,0.298,729.0
cervefr01,0.298,101.0
delgaca01,0.298,112.0
tulowtr01,0.297,628.0
kempma01,0.297,667.0
zobribe01,0.297,599.0
pedrodu01,0.296,714.0
ausmubr01,0.295,107.0
guerrvl01,0.295,407.0
montemi01,0.294,470.0
sanchfr01,0.293,489.0
smithse01,0.293,387.0
sweenry01,0.293,534.0
molinya01,0.293,544.0
markani01,0.293,711.0
jonesga02,0.293,358.0
abreubo01,0.293,667.0
teixema01,0.292,707.0
zimmery01,0.292,693.0
victosh01,0.292,694.0
ryanbr01,0.292,429.0
raburry01,0.291,291.0
johnsni01,0.291,574.0
torreyo01,0.291,242.0
kendrho01,0.291,400.0
parrage01,0.29,491.0
iwamuak01,0.29,260.0
lowelmi01,0.29,484.0
ramirma02,0.29,431.0
maysoed01,0.29,79.0
aubremi01,0.289,95.0
uribeju01,0.289,432.0
cantujo01,0.289,643.0
kennead01,0.289,586.0
bakerje03,0.288,248.0
wietema01,0.288,385.0
penara02,0.287,121.0
riverju01,0.287,572.0
patteer01,0.287,110.0
carsoma01,0.286,22.0
nadyxa01,0.286,29.0
evanste01,0.286,7.0
hillaa01,0.286,734.0
mccutan01,0.286,493.0
quirogu01,0.286,15.0
pettich01,0.286,7.0
rodrial01,0.286,535.0
holmst01,0.286,9.0
bournmi01,0.285,678.0
counscr01,0.285,459.0
hawpebr01,0.285,588.0
polanpl01,0.285,675.0
posadjo01,0.285,438.0
guzmacr01,0.284,555.0
youngde03,0.284,416.0
cabreor01,0.284,708.0
gonzaca01,0.284,317.0
theriry01,0.284,677.0
roberbr01,0.283,717.0
byrdma01,0.283,599.0
hudsoor01,0.283,631.0
gutiefr01,0.283,629.0
damonjo01,0.282,626.0
pencehu01,0.282,647.0
tatisfe01,0.282,379.0
utleych01,0.282,687.0
scutama01,0.282,680.0
longoev01,0.281,671.0
loneyja01,0.281,651.0
barkeke01,0.281,36.0
fioreje01,0.281,75.0
dejesda01,0.281,627.0
mccanbr01,0.281,551.0
garcino01,0.281,169.0
sweenmi01,0.281,266.0
inglejo01,0.281,99.0
lugoju01,0.28,293.0
blakeca01,0.28,565.0
francje02,0.28,632.0
desmoia01,0.28,89.0
roberry01,0.279,351.0
diazro01,0.279,138.0
reyesjo01,0.279,166.0
pennicl01,0.279,229.0
reimono01,0.279,411.0
millela02,0.279,265.0
drewjd01,0.279,539.0
howarry01,0.279,703.0
avilaal01,0.279,72.0
phillky01,0.278,18.0
kotsama01,0.278,206.0
catalfr01,0.278,162.0
brignre01,0.278,93.0
ramiral03,0.277,606.0
gonzaad01,0.277,681.0
jonesad01,0.277,519.0
castrju01,0.277,121.0
larocad01,0.277,629.0
belliro01,0.277,287.0
konerpa01,0.277,621.0
phillbr01,0.276,644.0
carroja01,0.276,358.0
cuddymi01,0.276,650.0
sheffga01,0.276,312.0
dickech01,0.275,299.0
cabreme01,0.274,540.0
berkmla01,0.274,562.0
suzukku01,0.274,614.0
matsuhi01,0.274,526.0
morneju01,0.274,590.0
penabr01,0.273,183.0
rossda01,0.273,151.0
wiggity01,0.273,436.0
tagucso01,0.273,12.0
perezol01,0.273,24.0
sonnaan01,0.273,12.0
chaveen01,0.273,182.0
hayesbr01,0.273,12.0
churcry01,0.273,399.0
napolmi01,0.272,432.0
lopezjo01,0.272,653.0
ibanera01,0.272,565.0
pauliro01,0.272,266.0
weeksri01,0.272,162.0
hafnetr01,0.272,383.0
ethiean01,0.272,685.0
helmswe01,0.271,234.0
bakerjo01,0.271,423.0
teahema01,0.271,571.0
ryalru01,0.271,68.0
beckhgo01,0.27,430.0
gwynnto02,0.27,451.0
gardnbr01,0.27,284.0
rossco01,0.27,604.0
torrean02,0.27,170.0
murphda07,0.269,493.0
bartoda02,0.269,192.0
furcara01,0.269,680.0
werthja01,0.268,676.0
anderga01,0.268,534.0
kotchca01,0.268,431.0
hamiljo03,0.268,365.0
garkory01,0.268,400.0
gomesjo01,0.267,314.0
cairomi01,0.267,47.0
gathrjo01,0.267,32.0
schiena01,0.267,308.0
velezeu01,0.267,307.0
mcdonda02,0.267,111.0
stubbdr01,0.267,196.0
santira01,0.267,296.0
andruel01,0.267,541.0
dunnad01,0.267,668.0
bayja01,0.267,638.0
felizpe01,0.266,625.0
fowlede01,0.266,518.0
youngde04,0.266,388.0
vizquom01,0.266,195.0
murphda08,0.266,556.0
piefe01,0.266,281.0
molinbe01,0.265,520.0
ludwiry01,0.265,539.0
hairssc01,0.265,464.0
gonzaal03,0.265,316.0
bloomwi01,0.265,468.0
beltrad01,0.265,477.0
overbly01,0.265,500.0
jonesch06,0.264,596.0
hanigry01,0.263,293.0
ellisma01,0.263,410.0
winnra01,0.262,597.0
headlch01,0.262,612.0
rowanaa01,0.261,546.0
youngch03,0.261,26.0
getzch01,0.261,415.0
ishiktr01,0.261,363.0
drewst01,0.261,595.0
gloadro01,0.261,259.0
harribr01,0.261,453.0
cruzne02,0.26,515.0
reynoma01,0.26,662.0
willijo03,0.26,502.0
santoom01,0.26,306.0
morame01,0.26,496.0
wellsve01,0.26,684.0
hartco01,0.26,472.0
zaungr01,0.26,296.0
eckstda01,0.26,568.0
owingmi01,0.259,58.0
nievewi01,0.259,249.0
hermije01,0.259,491.0
fukudko01,0.259,603.0
foxja02,0.259,241.0
moellch01,0.258,100.0
scottlu01,0.258,506.0
hernara02,0.258,331.0
lewisfr02,0.258,336.0
larocan01,0.258,590.0
mcdonjo03,0.258,156.0
chavera01,0.258,168.0
bradlmi01,0.257,473.0
francbe01,0.257,459.0
keppije01,0.256,344.0
mclouna01,0.256,591.0
valdewi01,0.256,95.0
izturce01,0.256,412.0
venabwi01,0.256,324.0
kouzmke01,0.255,573.0
johnsre02,0.255,186.0
wilsoja02,0.255,402.0
ruizca01,0.255,379.0
cabreev01,0.255,438.0
laporma01,0.254,198.0
peraljh01,0.254,645.0
kinslia01,0.253,640.0
baldero01,0.253,164.0
aybarwi01,0.253,336.0
orrpe01,0.253,81.0
jaramja01,0.252,224.0
bonifem01,0.252,509.0
thamema01,0.252,294.0
blancan01,0.252,138.0
hairsje02,0.251,433.0
hernaan01,0.251,404.0
branyru01,0.251,505.0
rasmuco01,0.251,520.0
coraal01,0.251,308.0
buehrma01,0.25,5.0
sabatcc01,0.25,4.0
martiru01,0.25,588.0
maybica01,0.25,199.0
derosma01,0.25,576.0
belloed01,0.25,9.0
deazaal01,0.25,27.0
martijo07,0.25,9.0
blankky01,0.25,172.0
malonma02,0.25,15.0
matthga02,0.25,360.0
sullico01,0.25,157.0
hoffpja01,0.25,16.0
matsuka01,0.25,533.0
doumiry01,0.25,304.0
vargaja01,0.25,4.0
bernaro01,0.25,5.0
kellydo01,0.25,62.0
kendrky01,0.25,9.0
wrighwe01,0.25,4.0
greenan01,0.25,5.0
camermi01,0.25,628.0
renteed01,0.25,510.0
murtoma01,0.25,56.0
mujiced01,0.25,10.0
richada02,0.25,9.0
abreuto01,0.25,11.0
dukesel01,0.25,416.0
rolliji01,0.25,725.0
valbulu01,0.25,398.0
guzmaje01,0.25,20.0
dyeje01,0.25,574.0
morsemi01,0.25,55.0
hestejo01,0.25,30.0
olivomi01,0.249,416.0
rodriiv01,0.249,448.0
grandcu01,0.249,710.0
thomeji01,0.249,434.0
swishni01,0.249,607.0
sizemgr01,0.248,503.0
romeral01,0.248,157.0
johjike01,0.247,258.0
buckjo01,0.247,202.0
blumge01,0.247,427.0
harenda01,0.247,87.0
maxweju01,0.247,102.0
riosal01,0.247,633.0
dobbsgr01,0.247,169.0
marsolo01,0.246,72.0
younger03,0.246,61.0
ojedaau01,0.246,309.0
betanyu01,0.245,508.0
barmecl01,0.245,604.0
quinlro01,0.243,120.0
oeltjtr01,0.243,73.0
ugglada01,0.243,668.0
anderbr03,0.243,231.0
maiermi01,0.243,397.0
scalebo01,0.242,138.0
gamelma01,0.242,148.0
hinsker01,0.242,224.0
reedje03,0.242,177.0
hernami01,0.242,107.0
guillca01,0.242,322.0
guilljo01,0.242,312.0
snidetr01,0.241,276.0
kendaja01,0.241,526.0
spilbry01,0.241,393.0
uptonbj01,0.241,626.0
huffau01,0.241,597.0
soriaal01,0.241,522.0
larueja01,0.24,112.0
robinsh01,0.24,26.0
custja01,0.24,612.0
taverwi01,0.24,437.0
thomacl02,0.24,310.0
anderjo03,0.24,298.0
nixla01,0.239,337.0
kaplega01,0.239,238.0
hoffpmi01,0.239,257.0
burriem01,0.238,220.0
ortizda01,0.238,627.0
gonzaal02,0.238,429.0
davisch02,0.238,419.0
hundlni01,0.238,289.0
bucknbi02,0.238,23.0
sanchga01,0.238,23.0
everead01,0.238,390.0
redmomi01,0.237,147.0
kottage01,0.237,107.0
hillko01,0.237,284.0
michaja01,0.237,152.0
tracych01,0.237,288.0
greenni01,0.236,309.0
quinthu01,0.236,168.0
mossbr01,0.236,424.0
quentca01,0.236,399.0
fontemi01,0.236,419.0
bautijo02,0.235,404.0
buschbr01,0.235,164.0
harriwi01,0.235,393.0
blanche01,0.235,232.0
crowetr01,0.235,202.0
blaloha01,0.234,495.0
balenwl01,0.234,295.0
carrobr01,0.234,158.0
bardebr01,0.233,114.0
saltaja01,0.233,310.0
martean01,0.232,175.0
tolbema01,0.232,231.0
gordoal01,0.232,189.0
loretma01,0.232,204.0
sheltch01,0.231,28.0
evansni01,0.231,69.0
marshse01,0.231,15.0
weaveje01,0.231,15.0
ankieri01,0.231,404.0
cashke01,0.231,28.0
iribahe01,0.231,14.0
stavini01,0.23,91.0
gerutjo01,0.23,298.0
vazqura01,0.23,239.0
ingebr01,0.23,637.0
bardjo01,0.23,301.0
gomezca01,0.229,349.0
powella01,0.229,155.0
hardyjj01,0.229,465.0
whiteel03,0.228,134.0
iannech01,0.228,350.0
stewaia01,0.228,491.0
jacobmi02,0.228,478.0
rivermi02,0.228,132.0
crispco01,0.228,215.0
puntoni01,0.228,440.0
penaca01,0.227,570.0
grossga01,0.227,326.0
duncach01,0.227,304.0
bixlebr01,0.227,46.0
tuiasma01,0.227,25.0
petitgr01,0.226,31.0
scherma01,0.226,61.0
atkinga01,0.226,399.0
barajro01,0.226,460.0
byrneer01,0.226,258.0
credejo01,0.225,367.0
thursjo01,0.225,307.0
encared01,0.225,338.0
lairdge01,0.225,477.0
wisede01,0.225,153.0
costech01,0.224,230.0
nixja01,0.224,290.0
johnske05,0.224,346.0
bakopa01,0.224,130.0
everito01,0.224,97.0
crosbbo01,0.223,272.0
millake01,0.223,283.0
bruceja01,0.223,387.0
greenty02,0.222,116.0
andinro01,0.222,215.0
fieldjo02,0.222,268.0
lowede01,0.222,70.0
myersbr01,0.222,20.0
burrepa01,0.221,476.0
saundmi01,0.221,129.0
jimenub01,0.22,77.0
bucktr01,0.219,115.0
castrra01,0.219,171.0
wilsojo03,0.219,211.0
navardi01,0.218,410.0
langery01,0.218,122.0
schnebr01,0.218,194.0
sotoge01,0.218,389.0
teagata01,0.217,218.0
zambrca01,0.217,72.0
molinjo01,0.217,155.0
amezaal01,0.217,75.0
mooread01,0.217,24.0
lohseky01,0.216,45.0
larisje01,0.216,90.0
gonzaed02,0.216,169.0
monrocr01,0.215,87.0
woodwch01,0.215,90.0
griffke02,0.214,454.0
cruzlu01,0.214,78.0
jonesan01,0.214,331.0
shoppke01,0.214,327.0
paulxa01,0.214,16.0
rosalad01,0.213,266.0
aurilri01,0.213,133.0
johnsro07,0.213,290.0
hannaja01,0.213,301.0
willire03,0.212,92.0
suttodr01,0.212,76.0
youngch04,0.212,501.0
maybejo02,0.211,60.0
mathije01,0.211,272.0
janispa01,0.211,292.0
varitja01,0.209,425.0
baileje01,0.208,91.0
cedenro02,0.208,376.0
martish01,0.208,27.0
burkech01,0.207,89.0
perezfe01,0.206,35.0
pearcst01,0.206,186.0
hernalu01,0.205,81.0
dewitbl01,0.204,53.0
schafjo02,0.204,195.0
conrabr01,0.204,58.0
rodrilu01,0.202,251.0
allenbr01,0.202,116.0
casilal01,0.202,256.0
hallbi03,0.201,365.0
giambja01,0.201,359.0
adamsru01,0.2,21.0
elbersc01,0.2,5.0
bergebr02,0.2,7.0
gorecre01,0.2,27.0
katama01,0.2,52.0
brownem01,0.2,6.0
greenkh01,0.2,193.0
padilvi01,0.2,17.0
bannibr01,0.2,5.0
dukeza01,0.2,79.0
loopebr01,0.2,73.0
pettian01,0.2,6.0
betemwi01,0.2,50.0
samarje01,0.2,6.0
manzeto01,0.2,5.0
rodrise01,0.2,29.0
snydech02,0.2,202.0
wilsobo02,0.2,6.0
duncash01,0.2,15.0
beckejo02,0.2,5.0
burneaj01,0.2,5.0
maciadr01,0.197,90.0
woodbr01,0.195,46.0
kearnau01,0.195,211.0
stammcr01,0.194,37.0
johnsjo09,0.194,77.0
bowkejo01,0.194,73.0
erstada01,0.194,150.0
walkene01,0.194,40.0
whitejo03,0.194,133.0
stairma01,0.194,129.0
freelry01,0.193,101.0
gilesbr02,0.191,253.0
wellsra01,0.191,61.0
canizba01,0.19,21.0
ransoco01,0.19,86.0
bourgja01,0.189,40.0
milleco01,0.189,111.0
norribu01,0.188,18.0
towlejr01,0.188,53.0
joycema01,0.188,37.0
flowety01,0.188,20.0
harderi01,0.186,48.0
blancgr01,0.186,48.0
milesaa01,0.185,170.0
delluda01,0.185,74.0
leecl02,0.184,41.0
montalu01,0.183,91.0
avilemi01,0.183,127.0
jacksco01,0.182,110.0
hoffmja01,0.182,24.0
sammocl01,0.182,12.0
sandofr01,0.182,11.0
clarkto02,0.182,78.0
wainwad01,0.18,96.0
billich01,0.179,67.0
ortizru01,0.179,31.0
lobatjo01,0.176,17.0
vazquja01,0.176,91.0
toregwy01,0.176,60.0
colvity01,0.176,20.0
martife02,0.176,100.0
carpech01,0.175,69.0
alfonel01,0.175,117.0
staufti01,0.174,27.0
snellia01,0.174,27.0
gallayo01,0.172,66.0
marquja01,0.172,75.0
glaustr01,0.172,32.0
quintom01,0.172,69.0
brunter01,0.171,118.0
downsma01,0.17,60.0
reddijo01,0.169,62.0
turneju01,0.167,22.0
martira03,0.167,44.0
greinza01,0.167,6.0
schmija01,0.167,7.0
guzmafr01,0.167,7.0
geerjo01,0.167,31.0
barremi01,0.167,19.0
santajo01,0.167,57.0
carlilu01,0.167,21.0
palmema01,0.167,7.0
tatumcr01,0.162,77.0
wolfra02,0.162,81.0
hartke01,0.16,29.0
martijd01,0.16,28.0
davisdo02,0.159,69.0
lillibr01,0.158,112.0
rohliry01,0.158,20.0
lannajo01,0.155,65.0
ryandu01,0.154,30.0
linceti01,0.152,86.0
cunniaa01,0.151,57.0
cainma01,0.15,73.0
haranaa01,0.149,54.0
hamelco01,0.148,69.0
hernali01,0.148,67.0
mainejo01,0.148,29.0
zimmejo02,0.148,34.0
lowrije01,0.147,76.0
correke01,0.145,68.0
nortogr01,0.145,97.0
gimench01,0.144,130.0
suppaje01,0.143,56.0
romerni01,0.143,15.0
riggash01,0.143,14.0
durbich01,0.143,7.0
berroan01,0.143,55.0
mulveke01,0.143,7.0
parkch01,0.143,18.0
kurodhi01,0.143,39.0
gorzeto01,0.143,16.0
hernadi01,0.141,93.0
nolasri01,0.14,62.0
frandke01,0.14,54.0
figuene01,0.136,25.0
pineijo01,0.136,79.0
olsensc01,0.133,22.0
parrama01,0.133,54.0
cuetojo01,0.13,59.0
graffto01,0.13,24.0
mortoch02,0.129,33.0
volstch01,0.128,54.0
welleto01,0.128,45.0
blantjo01,0.127,69.0
rodriwa01,0.127,70.0
floydcl01,0.125,17.0
niesejo01,0.125,9.0
lackejo01,0.125,9.0
narvech01,0.125,9.0
dempsry01,0.125,75.0
hillri01,0.125,8.0
parnebo01,0.125,12.0
duffych01,0.125,37.0
balesco01,0.125,11.0
jurrjja01,0.123,80.0
delarjo01,0.123,63.0
oswalro01,0.122,66.0
padiljo01,0.12,26.0
moyerja01,0.119,59.0
poseybu01,0.118,17.0
zitoba01,0.118,67.0
bushda01,0.118,40.0
gentrcr01,0.118,19.0
reyesar01,0.118,18.0
burkeja02,0.118,56.0
cookaa01,0.114,58.0
arroybr01,0.113,76.0
hulettu01,0.111,19.0
reyesjo03,0.111,11.0
foggjo01,0.111,12.0
hammeja01,0.109,60.0
pennybr01,0.105,21.0
richach01,0.105,23.0
kershcl01,0.104,59.0
patteco01,0.103,30.0
sadowry01,0.1,12.0
ellisaj01,0.1,10.0
chaveer01,0.1,31.0
penato02,0.098,53.0
kawakke01,0.098,49.0
sardida01,0.097,34.0
pelfrmi01,0.096,61.0
happja01,0.093,51.0
villaca01,0.091,13.0
wellski01,0.091,17.0
lehrju01,0.091,28.0
johnsch05,0.091,23.0
mccutda01,0.091,12.0
lillyte01,0.088,64.0
richacl01,0.087,27.0
peavyja01,0.087,28.0
mockga01,0.087,26.0
garlajo01,0.086,75.0
thompbr01,0.083,14.0
owensje01,0.083,15.0
gonzaan01,0.083,12.0
millean01,0.083,26.0
baileho02,0.079,43.0
johnsra05,0.077,28.0
burnsmi01,0.077,18.0
cintral01,0.077,28.0
leblawa01,0.077,17.0
sanchjo01,0.073,54.0
martipe02,0.071,16.0
boggsmi01,0.071,17.0
maholpa01,0.069,67.0
redditi01,0.069,32.0
ohlenro01,0.068,64.0
stulter01,0.067,21.0
smoltjo01,0.067,16.0
westse01,0.065,35.0
volqued01,0.063,19.0
boggsbr01,0.059,18.0
hansoto01,0.054,46.0
detwiro01,0.053,19.0
latosma01,0.053,21.0
karstje01,0.045,26.0
salazje01,0.043,26.0
paulife01,0.04,28.0
petityu01,0.037,28.0
gaudich01,0.036,30.0
moehlbr01,0.024,47.0
ueharko01,0.0,3.0
anderbr04,0.0,3.0
troncra01,0.0,6.0
treanma01,0.0,14.0
hochelu01,0.0,5.0
chambjo03,0.0,3.0
hernafe02,0.0,7.0
hinckmi01,0.0,1.0
coffeto01,0.0,6.0
tavarju01,0.0,1.0
hillsh01,0.0,4.0
thayeda01,0.0,1.0
clippty01,0.0,7.0
anderma02,0.0,4.0
belisro01,0.0,4.0
cokeph01,0.0,1.0
cecilbr01,0.0,2.0
marticr01,0.0,2.0
masseni01,0.0,1.0
herreda01,0.0,4.0
tomkobr01,0.0,1.0
torreca01,0.0,3.0
belisma01,0.0,4.0
taylogr01,0.0,5.0
chaveje01,0.0,1.0
matsuda01,0.0,2.0
buddery01,0.0,3.0
carrice01,0.0,3.0
hollade01,0.0,6.0
weaveje02,0.0,5.0
carpean01,0.0,3.0
aceveal01,0.0,2.0
carlybu01,0.0,2.0
bergmja01,0.0,3.0
carides01,0.0,2.0
jacksed01,0.0,4.0
willido03,0.0,1.0
jacksst01,0.0,1.0
koronjo01,0.0,2.0
jakubch01,0.0,2.0
wilsobr01,0.0,2.0
cancero01,0.0,1.0
kinnejo01,0.0,1.0
burnese01,0.0,2.0
cabreda01,0.0,17.0
kensilo01,0.0,2.0
janssca01,0.0,2.0
alberma01,0.0,1.0
jennija01,0.0,1.0
berkeja01,0.0,1.0
acostma01,0.0,2.0
webbbr01,0.0,2.0
juliojo01,0.0,1.0
bumgama01,0.0,2.0
washbja01,0.0,3.0
lopezwi01,0.0,5.0
lopezro01,0.0,9.0
howrybo01,0.0,3.0
vanderi01,0.0,22.0
blackni01,0.0,4.0
cartech01,0.0,6.0
liriafr01,0.0,6.0
vasquvi01,0.0,11.0
burtoja01,0.0,1.0
huffda01,0.0,4.0
lincomi01,0.0,2.0
velazgi01,0.0,3.0
verlaju01,0.0,4.0
lewisje01,0.0,1.0
byrdati01,0.0,3.0
wadeco01,0.0,2.0
lestejo01,0.0,5.0
taschja01,0.0,2.0
benneje01,0.0,2.0
waltepj01,0.0,5.0
wangch01,0.0,4.0
contrjo01,0.0,10.0
penato03,0.0,1.0
tallebr01,0.0,2.0
moylape01,0.0,3.0
reyesan01,0.0,1.0
okajihi01,0.0,1.0
rhodear01,0.0,1.0
boyerbl01,0.0,4.0
richmsc01,0.0,6.0
ohkato01,0.0,2.0
rincoju01,0.0,1.0
oflaher01,0.0,1.0
bradeda01,0.0,4.0
riverma01,0.0,2.0
grabojo02,0.0,2.0
ekstrmi01,0.0,2.0
greense01,0.0,1.0
rodrigu01,0.0,7.0
niemaje01,0.0,6.0
nelsobr02,0.0,23.0
rogeres01,0.0,1.0
gregelu01,0.0,2.0
grillja01,0.0,2.0
munsoer01,0.0,1.0
romerri01,0.0,6.0
romose01,0.0,1.0
rosalle01,0.0,3.0
repkoja01,0.0,7.0
feldmsc01,0.0,8.0
olsonga01,0.0,4.0
golsogr01,0.0,1.0
perdolu01,0.0,6.0
banksjo01,0.0,6.0
perezra01,0.0,1.0
perkigl01,0.0,3.0
pavanca01,0.0,2.0
garzama01,0.0,2.0
galarar01,0.0,1.0
pintore01,0.0,1.0
parrja01,0.0,1.0
bakersc02,0.0,6.0
booneaa01,0.0,14.0
figaral01,0.0,2.0
pagnoma01,0.0,5.0
quallch01,0.0,2.0
floydga01,0.0,3.0
bootcch01,0.0,2.0
fisheca01,0.0,1.0
badenbu01,0.0,13.0
ramirra02,0.0,1.0
backebr01,0.0,2.0
ramosce01,0.0,4.0
outmajo01,0.0,2.0
downssc01,0.0,1.0
dlugabr01,0.0,3.0
takahke01,0.0,2.0
dillati01,0.0,1.0
ariasjo01,0.0,9.0
danksjo01,0.0,3.0
sloweke01,0.0,4.0
smithja05,0.0,27.0
ariasal02,0.0,2.0
millsbr02,0.0,1.0
hanrajo01,0.0,1.0
milleju01,0.0,3.0
bazaryo01,0.0,10.0
sowerje01,0.0,2.0
meyerda02,0.0,2.0
medlekr01,0.0,13.0
meddebr01,0.0,2.0
stanscr01,0.0,1.0
mechegi01,0.0,2.0
mcdonja03,0.0,10.0
mccoymi01,0.0,6.0
mccluse01,0.0,7.0
mccleky01,0.0,3.0
mccarbr01,0.0,4.0
harrima01,0.0,2.0
swarzan01,0.0,2.0
heilmaa01,0.0,1.0
millwke01,0.0,2.0
shielja02,0.0,5.0
miltoer01,0.0,11.0
sanchbr01,0.0,5.0
augenbr01,0.0,4.0
russead01,0.0,1.0
difelma01,0.0,1.0
motteja01,0.0,1.0
sadlebi01,0.0,1.0
denorch01,0.0,2.0
guthrje01,0.0,2.0
mortecl01,0.0,1.0
sampsch01,0.0,2.0
sanchan01,0.0,31.0
guzmaan01,0.0,3.0
minerza01,0.0,1.0
morrobr01,0.0,2.0
ascanjo01,0.0,2.0
haegech01,0.0,5.0
hallaro01,0.0,2.0
bassbr01,0.0,1.0
bastaan01,0.0,7.0
batismi01,0.0,1.0
broxtjo01,0.0,1.0
mischpa01,0.0,17.0
davieky01,0.0,2.0
smithch07,0.0,3.0
aardsda01,,0.0
abreuwi01,,0.0
accarje01,,0.0
adamsmi03,,0.0
albaljo01,,0.0
aquingr01,,0.0
arredjo01,,0.0
atkinmi01,,0.0
axforjo01,,0.0
ayalalu01,,1.0
bailean01,,0.0
balejo01,,0.0
balfogr01,,0.0
bardda01,,0.0
bartobr01,,0.0
bautide01,,0.0
beimejo01,,0.0
bellhe01,,1.0
bergju01,,0.0
betanra01,,0.0
breslcr01,,0.0
broadla01,,0.0
brocado01,,0.0
brunebr01,,0.0
buchhcl01,,0.0
bulgeja01,,0.0
burkegr01,,0.0
butlejo03,,0.0
calerki01,,0.0
campijo01,,0.0
campsh01,,0.0
cappsma01,,0.0
carlsje01,,0.0
carradj01,,0.0
chacijh01,,0.0
choatra01,,0.0
claggan01,,0.0
colomje01,,0.0
colonro01,,0.0
condrcl01,,0.0
corcoro01,,0.0
cordefr01,,0.0
cormila01,,0.0
corpama01,,0.0
cottsne01,,0.0
crainje01,,0.0
cruzju02,,0.0
daleyma01,,0.0
delaceu01,,0.0
delcama01,,0.0
desseel01,,0.0
dickera01,,0.0
dolsifr01,,0.0
donnebr01,,0.0
doteloc01,,0.0
dumatph01,,0.0
eatonad01,,1.0
embreal01,,0.0
escalse01,,0.0
estrama01,,2.0
eyresc01,,0.0
farnsky01,,0.0
felicpe01,,1.0
florera01,,0.0
fossuca01,,0.0
foxch02,,0.0
francfr01,,0.0
frankry01,,0.0
frasoja01,,0.0
frierer01,,0.0
fuentbr01,,0.0
gallase01,,0.0
garatvi01,,0.0
garcija01,,0.0
gearyge01,,0.0
gervasa01,,0.0
gobblji01,,0.0
gonzami02,,0.0
gordoto01,,0.0
goslimi01,,0.0
greggke01,,0.0
guarded01,,0.0
guerrma02,,0.0
gutieju01,,0.0
hackeer01,,0.0
hansecr01,,0.0
hawkila01,,0.0
hawksbl01,,0.0
hayhudi01,,0.0
hendrma01,,0.0
hennse01,,0.0
hergema01,,0.0
hinshal01,,0.0
hoffmtr01,,0.0
howeljp01,,0.0
hugheph01,,0.0
isrinja01,,0.0
jenksbo01,,0.0
jepseke01,,0.0
joaquwa01,,0.0
johnsji04,,0.0
keppebo01,,1.0
korecbo01,,0.0
kuoho01,,0.0
laffeaa01,,0.0
leachbr01,,0.0
leagubr01,,0.0
ledezwi01,,0.0
lerouch01,,0.0
lidgebr01,,0.0
lindsma01,,0.0
linebsc01,,0.0
loganbo02,,0.0
lopezar02,,0.0
lopezja02,,0.0
lowema01,,0.0
lyonbr01,,0.0
macdomi01,,0.0
madsory01,,0.0
mahayro01,,0.0
manuero01,,0.0
marmoca01,,0.0
martica03,,0.0
masteju01,,0.0
mathido01,,0.0
mazzavi01,,4.0
meekev01,,0.0
melanma01,,0.0
meredcl01,,0.0
mickoka01,,0.0
mijarjo01,,0.0
milletr02,,0.0
morened01,,0.0
nathajo01,,0.0
nelsojo01,,0.0
nunezle01,,0.0
nunezvl01,,0.0
odayda01,,0.0
oliveda02,,0.0
papeljo01,,0.0
paronch01,,0.0
pattoda01,,0.0
pennha01,,2.0
peraljo01,,0.0
percitr01,,0.0
perezch01,,0.0
perryry01,,0.0
poredaa01,,0.0
pridija01,,0.0
putzjj01,,0.0
ramirho01,,0.0
ramirra03,,1.0
rauchjo01,,0.0
raych01,,0.0
regisst01,,0.0
reyesde01,,0.0
riskeda01,,0.0
roberda08,,0.0
roberna01,,0.0
rodnefe01,,0.0
rodrifr03,,0.0
roenijo01,,0.0
romerjc01,,0.0
runzlda01,,0.0
ryanbj01,,0.0
saitota01,,0.0
sanchdu01,,0.0
schleda01,,0.0
schlitr01,,0.0
schoesc01,,0.0
seaybo01,,0.0
segovza01,,0.0
shellst01,,0.0
sherrge01,,0.0
shielsc01,,0.0
shousbr01,,0.0
sippto01,,0.0
slatedo01,,0.0
smithjo05,,0.0
soriajo01,,0.0
soriara01,,0.0
sosajo02,,1.0
speieju01,,0.0
speiery01,,0.0
sprinru01,,0.0
stettmi01,,0.0
steveje01,,0.0
stokebr01,,1.0
stoneto01,,0.0
streehu01,,0.0
swindrj01,,0.0
switzjo01,,0.0
thatcjo01,,0.0
thornma01,,0.0
toddje01,,0.0
valdelu01,,0.0
valdeme01,,0.0
valvejo01,,0.0
vargacl01,,0.0
vasques01,,0.0
vealdo01,,1.0
villoro01,,0.0
violape01,,0.0
vizcalu01,,0.0
waddeja01,,0.0
wagnebi02,,0.0
walkeja01,,0.0
walkety01,,1.0
weathda01,,1.0
webbry01,,0.0
wheelda01,,0.0
whitese02,,0.0
wilsocj01,,0.0
wolfebr01,,0.0
woodke02,,0.0
wrighja01,,0.0
wuertmi01,,0.0
yatesty01,,0.0
zavadcl01,,1.0
zieglbr01,,0.0
zumayjo01,,0.0
